,Routes,Score_mean_tar1,Score_mean_tar2,Avg_score,Coverage,type,down,Dist_Bin,tar_fs1,Rollout1,tar_posWR,shotgun1,pa1,targetside1,tar_LocationO
0,"DEEPCROSS,POST",0.7384415438611013,0.7001950733036686,0.7193183085823849,Cov0,TwoMan,1,3,0.012925588860898563,-0.01776201280606604,-0.0165251255949308,0.06634531604575655,0.0027710480008467098,0.0048681201951694675,-0.03261758364026868
0,"DIG,POST",0.6729150129039532,0.7045998178520532,0.6887574153780032,Cov0,TwoMan,1,3,0.014159324765004033,-0.012237745294568225,0.0006278334927541929,0.02662191959005078,0.003129837884001785,-0.007139327044295207,-0.04184951541606785
0,"BENEATH,DEEPCROSS",0.6311538572523111,0.7454806426688034,0.6883172499605572,Cov0,TwoMan,1,3,0.0030051338500231006,-0.01685446360951648,-0.04251432083363804,0.03890632255341098,0.0032012474523296364,-0.06113306623378767,-0.0317496392628549
0,"OUT,WHIP",0.6239264783173872,0.7284674555883636,0.6761969669528753,Cov0,TwoMan,1,3,-0.0013516092505370114,-0.015502713838551285,-0.006446170491906988,0.018891183826964086,0.005736912110964054,-0.05987413985002532,-0.0363887949710997
0,"BENEATH,FLAT",0.6584137290904574,0.6599589452311324,0.6591863371607949,Cov0,TwoMan,1,3,-0.00029907219683544817,-0.022290557799156785,0.032765896253002524,-0.007836614437658485,0.0015545541039216904,-0.06753938005112026,-0.002411440972355572
0,"DIG,OVERBALL",0.6423466131791341,0.644218881973471,0.6432827475763025,Cov0,TwoMan,1,3,0.010892670544827343,-0.01513043157343752,-0.006382637715368733,0.02041691330624662,0.004927065963410859,-0.06402880716155512,-0.03179352948211134
0,"FLAT,OVERBALL",0.6552537262250062,0.6278734740323447,0.6415636001286755,Cov0,TwoMan,1,3,0.008195172454768307,-0.012307547527924956,0.007317631681223791,0.014440442382247287,0.0009829688077043208,-0.06049346273101486,-0.015548497908094205
0,"OUT,OVERBALL",0.6126495901732774,0.6289124061294158,0.6207809981513466,Cov0,TwoMan,1,3,-0.0015181000714770132,-0.011111841090851504,-0.006979602896722392,0.03783188027048312,0.004193067950146845,-0.04857117382541232,-0.0241296228324559
0,"DIG,DRAG",0.6133715342912093,0.611336029363055,0.6123537818271321,Cov0,TwoMan,1,3,0.013992777233708842,-0.007356082467848579,0.05125457321933835,-0.007876025882683768,0.004139113749910828,-0.005994489264882219,0.023922219104348996
0,"GO,POST",0.5777187296865683,0.6294931830663008,0.6036059563764345,Cov0,TwoMan,1,3,0.004564031876312269,-0.009533613734385216,-0.003170944356036265,0.036306319264900355,0.0043414380225217375,-0.002540518831492089,-0.00019451263757597204
0,"FLAT,HITCH",0.6786365423287654,0.6052618441002661,0.6419491932145157,Cov0,TwoMan,2,2,0.0026394685049211386,-0.005519834781635202,0.039164075785900754,-0.029709396727664594,-0.00022002364084072745,0.017753263746497105,0.007592399736300659
0,"FLAT,SLANT",0.6531472086743534,0.5886728479456376,0.6209100283099955,Cov0,TwoMan,2,2,0.0016844336041483832,-0.0070898774772374384,0.06147771193352003,-0.02255473367669092,-7.567483612080927e-05,0.0256791665486491,0.002295934364049179
0,"DRAG,FLAT",0.5709062643212897,0.6650243900870128,0.6179653272041512,Cov0,TwoMan,2,2,0.0007596182748822455,-0.012291989539573112,0.05140678236317986,-0.03360266974997028,-6.88684824172725e-05,0.021753934194271296,0.012232796114487576
0,"BENEATH,FLAT",0.5710739535156953,0.6563815210622065,0.6137277372889509,Cov0,TwoMan,2,2,-0.0175689626273009,-0.02001502553267298,0.051846518516218465,-0.017051736500940162,0.00011943547226012097,-0.041843171710952864,-0.0029026137002812202
0,"OUT,WHIP",0.6118700648658957,0.6149815541087811,0.6134258094873384,Cov0,TwoMan,2,2,-0.014052839803910921,-0.014565771930994287,-0.009139853314082402,-0.0061578830825377295,0.0031195982502010278,-0.05033133595744743,-0.02277791442245225
0,"DIG,POST",0.6531751241838676,0.5670780433148731,0.6101265837493703,Cov0,TwoMan,2,2,-0.0025017769713737703,-0.012626245004734193,0.002986154047680656,-0.008077343138856774,0.0011195887190705855,0.0022224766012343133,-0.0020121987960539656
0,"DIG,DRAG",0.5887233742475003,0.6287931423521557,0.608758258299828,Cov0,TwoMan,2,2,0.011439971677990601,-0.008363704218921075,0.04094266790443468,-0.01084662545368642,0.0019411864558063208,0.015424433335305299,0.022683674341917648
0,"DEEPCROSS,POST",0.6199255346471743,0.5861146196954979,0.6030200771713361,Cov0,TwoMan,2,2,-0.0035178430617025525,-0.016070274948676633,-0.01174790499804812,0.02231649951348258,0.000935347393292485,0.005021663257167797,-0.005195848511505563
0,"BENEATH,DEEPCROSS",0.5608345198812351,0.636111471352856,0.5984729956170456,Cov0,TwoMan,2,2,-0.011147063591799733,-0.016046152176152906,-0.025257058258640663,0.010751814714074381,0.0011942968356616346,-0.045762645112743416,-0.0092754856022087
0,"FLAT,OVERBALL",0.6951887949945388,0.494222767078164,0.5947057810363514,Cov0,TwoMan,2,2,-0.007864564817038344,-0.010680683954089831,0.028957382621112138,-0.012653846620543252,-0.00018653860717110504,-0.04634361706991652,-0.0005454220947817001
0,"SLANT,SLANT",0.6945496090414761,0.6945496090414761,0.6945496090414761,Cov0,TwoMan,3,1,0.023219283057388074,-0.008383168474485836,0.012320840968140012,-0.007532094641711118,0.004422321244258565,0.007216949800183281,-0.044968367176800306
0,"FLAT,SLANT",0.7208027666505176,0.5573697735804405,0.639086270115479,Cov0,TwoMan,3,1,0.011737092102632962,0.0018378457648048352,0.025297765099793756,0.0043635503714587465,0.002040836120413725,0.015800363984777244,-0.03095885887755634
0,"GO,POST",0.6971749146512194,0.5804434384682255,0.6388091765597225,Cov0,TwoMan,3,1,0.0047941769336845574,-0.018249475804768878,0.054371181890431775,0.018363165754817334,0.011069659320219749,-0.015660278171972353,-0.020512327725333623
0,"GO,SLANT",0.6171303024112826,0.6408781329683648,0.6290042176898237,Cov0,TwoMan,3,1,0.02942129380714731,-0.005900469708710276,0.026175907965330536,0.010498439092281542,0.00409520758907711,0.004406947667145333,-0.06928099224520101
0,"OUT,WHIP",0.6057754020256731,0.6111221297287112,0.6084487658771922,Cov0,TwoMan,3,1,-0.008560619913738021,-0.017123493138132884,0.022410683688631416,0.009313835708189111,0.005760210895679352,-0.07664383802214858,-0.06323978104280781
0,"DRAG,OUT",0.6745146334433957,0.54026053500488,0.6073875842241379,Cov0,TwoMan,3,1,0.023101047324932122,-0.004721512009303153,0.019379539257542655,0.013836018160164443,0.005947795609375306,0.004160596192024579,-0.06037743054301126
0,"DRAG,FLAT",0.5615478862356865,0.6521110937158452,0.6068294899757658,Cov0,TwoMan,3,1,0.010853889021857466,-0.00211476744925998,0.01888554280503907,-0.014259061409288787,0.0020780056537339497,0.01605103769426308,-0.034047215997828784
0,"CORNER,FLAT",0.4712659798062782,0.7397746439666497,0.6055203118864639,Cov0,TwoMan,3,1,0.01711523605579246,-0.005214753916823911,0.07438344467679792,0.012012224976221342,0.0037135494084553633,0.004964446645451148,-0.03313162731748964
0,"FLAT,GO",0.6816979222168859,0.5114539933819398,0.5965759577994127,Cov0,TwoMan,3,1,0.02405903897058259,-0.004471759654344876,0.026048732201886415,0.00021192386443313893,0.0018672678676283638,0.011294972116819624,-0.05534367321281719
0,"BENEATH,FLAT",0.5142791060558164,0.6507988976794982,0.5825390018676573,Cov0,TwoMan,3,1,-0.017658633253595513,-0.008477984914578962,0.09644737067506293,0.0017557670417864824,0.0021419102574709026,-0.061733534635732834,-0.02451988192955512
0,"DEEPCROSS,POST",0.7189559789271023,0.716412043080429,0.7176840110037657,Cov1,TwoMan,1,3,0.004220947399064534,-0.07371953161711686,0.12007773399821842,-0.04905629617487606,-0.01110091935356361,0.008184516114481566,-0.21354543081000976
0,"DIG,POST",0.6604475485968969,0.7179714021863837,0.6892094753916402,Cov1,TwoMan,1,3,0.0059381574659238545,-0.07951614624433678,0.10599283160966011,-0.056212107263297284,-0.009809460649683577,0.004597768689274306,-0.20610694460644197
0,"DEEPCROSS,WHIP",0.7152923577395961,0.6578848115565624,0.6865885846480793,Cov1,TwoMan,1,3,0.009265889347459422,-0.04603716518613632,0.11932043103075995,-0.06068490085757283,-0.009230098157808064,0.009820390068281615,-0.21559152240488066
0,"DEEPCROSS,DIG",0.6875998669017521,0.6282002286463267,0.6579000477740394,Cov1,TwoMan,1,3,0.008813076668618303,-0.07354988833817988,0.10017416529585943,-0.0582604256618966,-0.012151225311150204,0.005246275607538986,-0.18820023912698447
0,"DEEPCROSS,DRAG",0.7160965380973309,0.5584235139884911,0.637260026042911,Cov1,TwoMan,1,3,0.002873623300023276,-0.06419285315018719,0.10994002313739537,-0.056525142727312794,-0.012066000990916481,0.0017316354145228141,-0.17154596689487123
0,"DIG,DIG",0.6335844756445872,0.6335844756445872,0.6335844756445872,Cov1,TwoMan,1,3,0.010350892079016738,-0.07730051165266216,0.08824506410590915,-0.06500044846922037,-0.010739385508865218,0.001750517102077187,-0.1840751970893888
0,"DEEPCROSS,OUT",0.6877302062139709,0.5788668711385713,0.6332985386762711,Cov1,TwoMan,1,3,0.008203828811979563,-0.05879800274924907,0.10705224984540185,-0.052321328898977226,-0.01532063708528486,-0.0006732012450758607,-0.14768879077303543
0,"DIG,WHIP",0.6048666870075963,0.6349572221536881,0.6199119545806422,Cov1,TwoMan,1,3,0.011641741469450961,-0.04704530345670854,0.09758253294524655,-0.06678993689911927,-0.00843286070820759,-0.0015654205786669317,-0.17703115067243613
0,"OUT,POST",0.5559833003068455,0.6830788881485362,0.6195310942276908,Cov1,TwoMan,1,3,0.011262961577966912,-0.061002764175232316,0.09879611253438947,-0.04532452372219209,-0.012483098652414704,0.0011671620057116527,-0.14803734218383946
0,"CORNER,DEEPCROSS",0.5222048841365047,0.6919532916665525,0.6070790879015286,Cov1,TwoMan,1,3,-0.00013321405674371345,-0.057339666691130664,0.09634204379229472,-0.05649367585773335,-0.0016826460377964425,-0.00011548401549132947,-0.14196600194947395
0,"OUT,SLANT",0.7425541559307647,0.7687287423913411,0.7556414491610529,Cov1,TwoMan,2,2,0.009969348746866946,-0.047990701630020505,0.07872002451532822,-0.019792527469104315,0.03128921323529166,-0.004048610899390903,-0.12488944214328546
0,"OUT,OUT",0.7386920089611497,0.7386920089611497,0.7386920089611497,Cov1,TwoMan,2,2,0.0081206514054728,-0.05009913466592142,0.09001301073483159,-0.01856483687367272,0.02987518963097613,-0.0026006711687798223,-0.1028889996119644
0,"DIG,POST",0.7593147277237047,0.701155205169044,0.7302349664463743,Cov1,TwoMan,2,2,0.004230031243900756,-0.0783940561620795,0.09503193233986651,-0.045260966873803765,0.026915011865889182,0.0010848424815811386,-0.1614665142285454
0,"OUT,OVERBALL",0.7372393513125233,0.7102456517590169,0.7237425015357701,Cov1,TwoMan,2,2,0.00713178737709963,-0.038351518133881934,0.08788527036256699,-0.03634446695964477,0.03160641095813832,-0.005926681694585101,-0.13033696729816402
0,"DIG,DIG",0.7214529870885589,0.7214529870885589,0.7214529870885589,Cov1,TwoMan,2,2,0.009255688490464764,-0.08267044595285533,0.08788162374601616,-0.054878691234169996,0.029646364530416802,0.0026472049832755307,-0.1581769926510288
0,"DEEPCROSS,OUT",0.6933552524632246,0.7476394774288185,0.7204973649460216,Cov1,TwoMan,2,2,0.007506884400246938,-0.053434777988046966,0.09227899627610525,-0.025825000176297186,0.023469012405548995,-0.004928858374774858,-0.14172350144440826
0,"SLANT,SLANT",0.7161452534542961,0.7161452534542961,0.7161452534542961,Cov1,TwoMan,2,2,-0.0042669331210020145,-0.042786915931109615,0.0790957050749419,-0.017698711621276897,0.031767956930151886,5.046366865313345e-05,-0.1253096056530122
0,"DEEPCROSS,DRAG",0.733455079963103,0.6987080823468441,0.7160815811549736,Cov1,TwoMan,2,2,0.001836864386428938,-0.06476054896434091,0.10321218702360468,-0.046340570730660224,0.026924934191222105,-0.0023544859282399466,-0.15458305172904718
0,"DEEPCROSS,POST",0.7210593176918931,0.7110055102618793,0.7160324139768862,Cov1,TwoMan,2,2,0.002169122685849789,-0.06739032970406011,0.10977061752180939,-0.03791518574088881,0.020428880356328616,0.00014467849409660616,-0.16118347792714482
0,"DEEPCROSS,DIG",0.6826942724005962,0.7205691379914162,0.7016317051960062,Cov1,TwoMan,2,2,0.007305729469897604,-0.07355219003512192,0.09726753182297343,-0.04337772347908253,0.023181249753453592,0.0017254669536190814,-0.16484148043182523
0,"OUT,OVERBALL",0.6503845851399807,0.7155309640243792,0.68295777458218,Cov1,TwoMan,3,1,-0.007836224601104114,-0.0044075991341140375,0.0424068676525966,-0.02459454660885929,0.02343802554068608,0.010958196606088433,-0.20194177429351134
0,"DEEPCROSS,POST",0.6877143114094648,0.6664908564378602,0.6771025839236625,Cov1,TwoMan,3,1,-0.012187908806776893,-0.0327783464271888,0.03932009619431842,-0.027413644328395548,0.011953922698322184,0.01685009183424524,-0.20720724238517685
0,"OUT,OUT",0.6747058572221409,0.6747058572221409,0.6747058572221409,Cov1,TwoMan,3,1,-0.008738510494658347,-0.013791827545318713,0.037493493752619456,-0.006952764277725176,0.02675629626383913,0.02113986010652058,-0.18717836370094387
0,"DEEPCROSS,DRAG",0.6632308036820314,0.6771073520417846,0.670169077861908,Cov1,TwoMan,3,1,-0.011300071535747858,-0.032771978025649795,0.03834511411317498,-0.028146868744008402,0.01825830655317151,0.014095447182851495,-0.2265414369322295
0,"DEEPCROSS,OUT",0.6288360383036794,0.688272025090106,0.6585540316968927,Cov1,TwoMan,3,1,-0.00778162709640684,-0.023791358331537893,0.04312547771880926,-0.01511560446742799,0.014364477887817473,0.013264821004479121,-0.19397490532025508
0,"OUT,SLANT",0.6604656743862622,0.649479802756527,0.6549727385713946,Cov1,TwoMan,3,1,-0.006751889530989041,-0.012565794901917338,0.04242332723302711,-0.007207186159210788,0.02113217561410541,0.014026964385442042,-0.2019117464738488
0,"DIG,POST",0.6945411323370079,0.6152299388636954,0.6548855356003516,Cov1,TwoMan,3,1,-0.008134604673442514,-0.038726927844258685,0.043597350053046546,-0.035220694427273935,0.017835358925717526,0.017327371120870905,-0.22652535400243035
0,"DEEPCROSS,WHIP",0.614000913777548,0.6659390145983901,0.639969964187969,Cov1,TwoMan,3,1,-0.0033636950071810334,-0.01267935664620401,0.03928933128663914,-0.03805603198704244,0.011562103039308713,0.02302635519739482,-0.23235402184666532
0,"OUT,POST",0.6548442664127041,0.6093554429971518,0.6320998547049279,Cov1,TwoMan,3,1,-0.005305050453184634,-0.018268144002887343,0.03527302922062481,-0.012420774094888398,0.018488019479764528,0.01665274397591976,-0.18153771872556168
0,"OVERBALL,SLANT",0.6678873214274015,0.5945991693483013,0.6312432453878514,Cov1,TwoMan,3,1,-0.006720172495289889,-0.0022876986968697333,0.0418399882440762,-0.012266280469369728,0.02481151517817637,0.00812743906137614,-0.17629915985280198
0,"CORNER,DEEPCROSS",0.6800553208114318,0.6983531537458255,0.6892042372786287,Cov2,TwoMan,1,3,0.012592580742119774,0.021560893957129235,0.02111370278043445,-0.15001109062769047,0.009525268004147214,-0.0006151668654840181,0.11680631172597211
0,"DEEPCROSS,GO",0.7464134961691257,0.5543344136043687,0.6503739548867472,Cov2,TwoMan,1,3,-0.011288231503964297,0.017265011983068845,0.00832046855695312,-0.150265616429055,0.011627347990792458,-0.00983315009558905,0.0940427228650833
0,"DEEPCROSS,DIG",0.7091690815288634,0.5562927366137442,0.6327309090713038,Cov2,TwoMan,1,3,-0.018928773471813765,0.0189767079312555,-0.010695133958089409,-0.13978388354229243,0.03424337944583822,-0.0031361540536795074,0.11473647761115058
0,"DEEPCROSS,POST",0.6954139461046352,0.5598601674791253,0.6276370567918803,Cov2,TwoMan,1,3,0.0012312358938448842,0.020344726243554767,0.01719175184253907,-0.14535302506785563,0.011679278519235892,-0.007030415651608779,0.12097826183600247
0,"CORNER,DIG",0.6825621346393598,0.5396686382418613,0.6111153864406105,Cov2,TwoMan,1,3,3.141792768934781e-05,0.019291674286253557,-0.021467146080817456,-0.1424415469513245,0.030319506669884255,0.005277154889915203,0.10796014488891092
0,"GO,POST",0.5831463918674581,0.6220560053570678,0.602601198612263,Cov2,TwoMan,1,3,-0.03435027534103818,0.015639344366729535,-7.324517749440762e-05,-0.1586952213060503,0.020060858368938894,-0.0018194224538272685,0.08929396769467324
0,"GO,GO",0.5994977088236674,0.5994977088236674,0.5994977088236674,Cov2,TwoMan,1,3,-0.03701755541968166,0.015795802701600747,-0.0034917315208179422,-0.16040681213628127,0.026068339776318616,0.0008832692191698133,0.059729795732491264
0,"DIG,POST",0.5971981303705524,0.5962508541624911,0.5967244922665218,Cov2,TwoMan,1,3,-0.040133508495353576,0.018109246055609818,-0.02012531514276139,-0.1536493216621586,0.03977476859185758,-0.003909333670872206,0.10618852253919975
0,"DEEPCROSS,HITCH",0.7521082411223704,0.43260571149498894,0.5923569763086797,Cov2,TwoMan,1,3,-0.021292629295960763,0.022552077285523664,-0.009973002891949134,-0.13496656334805468,0.02917744235638675,-0.005367749475494343,0.11976890460665224
0,"DIG,GO",0.6078591584777036,0.5615982259859166,0.58472869223181,Cov2,TwoMan,1,3,-0.03634820795698934,0.01592669511359257,-0.025192731534717128,-0.15304693557149485,0.040219339648395414,-0.004332789388829972,0.08895890590949707
0,"HITCH,HITCH",0.7052634819908288,0.7052634819908288,0.7052634819908288,Cov2,TwoMan,2,2,-0.06157618059453851,0.031334320274123084,-0.0693672224719335,-0.07446292805394095,0.04843697178674489,0.005362088633720896,0.00663008126305642
0,"DIG,SLANT",0.6934691948124962,0.6832462986096216,0.6883577467110589,Cov2,TwoMan,2,2,-0.029294495636744022,0.03011736998703385,-0.03821704190595243,-0.06145190550584734,0.05139059169528526,0.008688219513428352,0.06073229743989483
0,"SLANT,SLANT",0.6850937334749639,0.6850937334749639,0.6850937334749639,Cov2,TwoMan,2,2,-0.025726479575304717,0.02877213353230801,-0.029094178915223146,-0.0671819571611838,0.043575919132728624,0.005664817544676848,0.06887653787256776
0,"DIG,HITCH",0.6996372190446887,0.6693466711196432,0.6844919450821659,Cov2,TwoMan,2,2,-0.052244897978224625,0.031265313720006405,-0.05727441919550935,-0.08188470991377239,0.04848165123799031,0.001733784539190486,0.02895218435282021
0,"HITCH,SLANT",0.6483505176563872,0.7152054671372959,0.6817779923968416,Cov2,TwoMan,2,2,-0.05201166832467541,0.03290535621851831,-0.05126972554226594,-0.07345224965550867,0.047582847457775856,-0.0029994344995780686,0.04587355083754907
0,"CORNER,HITCH",0.7066271915270675,0.6551351957702054,0.6808811936486365,Cov2,TwoMan,2,2,-0.020468297388759327,0.03428054633648525,-0.02871003104722747,-0.07374367213240896,0.04491947119783757,-0.008112139406736718,0.08621242688148167
0,"DEEPCROSS,DIG",0.6698794191766176,0.6804584122053229,0.6751689156909703,Cov2,TwoMan,2,2,-0.02539913257697135,0.02923895718627456,-0.01608189777411173,-0.06957931797463701,0.038994134084713195,-0.005204296922953322,0.11703035557910069
0,"FLAT,HITCH",0.6543478548145656,0.6921072663984262,0.6732275606064959,Cov2,TwoMan,2,2,-0.06347031219540245,0.04031103513555656,-0.0757632908994953,-0.08213018328201604,0.05354161721447237,0.003646151845744905,0.021365212035964865
0,"GO,OUT",0.6882339792293984,0.6545706579891233,0.6714023186092608,Cov2,TwoMan,2,2,-0.05235764314826763,0.02333074803352575,-0.03406307680399534,-0.10000825856885043,0.036720578709045215,0.00044788284258179267,0.04535016392339131
0,"HITCH,OUT",0.6896006939492757,0.652988642758306,0.6712946683537908,Cov2,TwoMan,2,2,-0.057609991618126966,0.026860566058195756,-0.08048725587628958,-0.09782977562729123,0.053948960980768956,0.004947800535622493,0.00891633115771695
0,"HITCH,HITCH",0.7448907894293657,0.7448907894293657,0.7448907894293657,Cov2,TwoMan,3,1,-0.06859824328378039,-0.04229039640503385,-0.06225839481540363,0.02430576824657993,0.013909012756963324,0.006569659139191275,0.00042300248405702234
0,"FLAT,HITCH",0.6367196705964953,0.7521572139153538,0.6944384422559245,Cov2,TwoMan,3,1,-0.06926303059315775,-0.015472145472463783,-0.07496842250412605,-0.005977847153092464,0.011919985421891877,0.004758970092623271,0.06178063430997294
0,"HITCH,POST",0.679552411414439,0.6354045035524747,0.6574784574834569,Cov2,TwoMan,3,1,-0.07011890421292855,-0.05775033707425148,-0.041698005544072325,0.013971697204115285,0.01905450609818682,-0.0016012297922106677,0.10743151169200194
0,"HITCH,OUT",0.7090321553901262,0.5678469748524357,0.638439565121281,Cov2,TwoMan,3,1,-0.06996966936327387,-0.056513754648030545,-0.07644421417943847,-0.000787001485696881,0.021872752307760313,0.004862616203636039,0.0455420797112609
0,"DIG,HITCH",0.5693454313272014,0.679811003440468,0.6245782173838347,Cov2,TwoMan,3,1,-0.06619146146959864,-0.053234308629551474,-0.07454953060111447,0.019475784296559273,0.019288463081629126,0.0027446556947966494,0.031732377624078656
0,"GO,HITCH",0.5333710642237004,0.7050692840261743,0.6192201741249374,Cov2,TwoMan,3,1,-0.06919006011265671,-0.056993538933217125,-0.038101893944078036,0.01738442712852417,0.01822651975632472,0.0020691337746781002,0.07414045126199587
0,"HITCH,OVERBALL",0.6917181052054315,0.5444335707004438,0.6180758379529376,Cov2,TwoMan,3,1,-0.05245773931876574,-0.04633071244573994,-0.047231853919247,-0.011273714086513564,0.015247829713815553,0.0004978416039594924,0.13172972993708365
0,"HITCH,SLANT",0.6689461250280737,0.5601511440665646,0.6145486345473192,Cov2,TwoMan,3,1,-0.07193012030690837,-0.04529746684995439,-0.057227970927599126,0.04350464991170522,0.019600506784570926,0.001217556220745597,0.04681867864882794
0,"DRAG,HITCH",0.5186993766560776,0.7008503377028874,0.6097748571794825,Cov2,TwoMan,3,1,-0.0538293455904878,-0.05223297925023729,-0.07355374502319423,-0.015764260498757565,0.01868936171245439,0.004584838591445095,0.07396354878838718
0,"FLAT,GO",0.6036776971791955,0.5768971412047346,0.590287419191965,Cov2,TwoMan,3,1,-0.06288964140666964,-0.043408214663826716,-0.062315832514527436,-0.020763535553645962,0.015756056793040707,-0.0027594584590788784,0.14510336267721802
0,"DEEPCROSS,POST",0.7767034023229114,0.6649119764961269,0.7208076894095191,Cov2Man,TwoMan,1,3,0.04240632304052572,0.008888050002997083,0.002495666010519426,0.051435597982541714,0.0014685561696756722,0.02341543694469861,0.034730229635708154
0,"DEEPCROSS,WHIP",0.677210029722808,0.6896730392669987,0.6834415344949034,Cov2Man,TwoMan,1,3,0.030086099137935918,0.0007694795810652133,-0.029183844133896852,0.05048100398825839,0.0037005794895184074,0.012481400443655422,0.03391298610326665
0,"CORNER,DEEPCROSS",0.6572268013092329,0.6785173385727266,0.6678720699409797,Cov2Man,TwoMan,1,3,-0.005178440041818,0.003753980159009962,-0.05920570178622431,0.04591943720178804,0.005617278481716337,0.008043978038373312,0.023451804393613274
0,"DEEPCROSS,GO",0.6970655702660684,0.6115590406799133,0.6543123054729909,Cov2Man,TwoMan,1,3,0.06772574914569574,-0.01770455097674839,0.01647270588067873,0.051572928700118315,0.0031964668121976514,0.020267757611487136,0.0008086330169694289
0,"BENEATH,DEEPCROSS",0.64282142016601,0.6310783807323447,0.6369499004491773,Cov2Man,TwoMan,1,3,-0.014590434262683694,-0.005563444749586921,-0.05706881845343492,0.037474768950374826,0.006251688791846122,-0.01728661678999266,0.018976732206523628
0,"GO,GO",0.6357829277246996,0.6357829277246996,0.6357829277246996,Cov2Man,TwoMan,1,3,0.08593051818248243,0.013130909225868459,0.05990294963882159,0.0368519344453927,-0.002828419663954196,0.03439563618343544,0.030159204330591605
0,"DEEPCROSS,HITCH",0.7224613443529428,0.5451442315239159,0.6338027879384294,Cov2Man,TwoMan,1,3,0.010744560010927495,0.012091974770355618,0.04831426683122142,0.020167628762716383,0.0035133477286645176,0.002439898633673776,0.031074438437135532
0,"DEEPCROSS,DRAG",0.7524116064307722,0.5046337067296387,0.6285226565802055,Cov2Man,TwoMan,1,3,0.047126089386129055,-0.018248554015209084,0.03789051792708065,0.03443886504248206,0.004656043618597505,-0.0011425893194262349,0.0013550223258274041
0,"DRAG,GO",0.5284592697749704,0.7197129967655692,0.6240861332702698,Cov2Man,TwoMan,1,3,0.04411067582069739,0.013885848497942166,0.08335801288389977,0.015707702135085766,-0.0010377421950599208,0.005547544023044804,0.04278601510021662
0,"DEEPCROSS,DIG",0.6782938617640429,0.5684563111491363,0.6233750864565897,Cov2Man,TwoMan,1,3,0.03085784835656491,0.011888876568550422,0.07941904222334295,0.017806899229171114,0.007880342907340188,0.011091260494865307,0.022327956059259302
0,"DRAG,SLANT",0.7269470511173768,0.7540399752414758,0.7404935131794264,Cov2Man,TwoMan,2,2,-0.034311395324452265,-0.00017241786386568148,0.15725367008879454,0.026719735559271984,0.001670130133837211,-0.030788569024187917,-0.05493994678015335
0,"DIG,SLANT",0.7172370556643674,0.7387727216904485,0.728004888677408,Cov2Man,TwoMan,2,2,-0.023017902597173734,-0.00022346772932124725,0.15932608129678305,0.018819420674696996,0.004447738382361677,-0.036351056789382885,-0.050474444437415444
0,"DRAG,DRAG",0.7230470751746892,0.7230470751746892,0.7230470751746892,Cov2Man,TwoMan,2,2,-0.011160255415642584,-0.00013038669700959904,0.17031858609685768,0.03259509249797565,0.0018109392948547631,-0.021809734748936993,-0.05950843979744658
0,"OUT,SLANT",0.728109643501332,0.6941611216141675,0.7111353825577498,Cov2Man,TwoMan,2,2,-0.01788780590974781,-0.0032599549726886057,0.12517522561244898,0.028620751969123503,0.0015163421959670798,-0.034924395818502485,-0.033603093265025086
0,"DRAG,OUT",0.6927747535760097,0.7275908888517421,0.7101828212138759,Cov2Man,TwoMan,2,2,-0.004074210407526202,-0.0032680768432378215,0.1656409391611624,0.029457820606767937,0.0017281356122674785,-0.029413154889033066,-0.0446650005276098
0,"HITCH,OUT",0.6871546369105593,0.7123063414395527,0.699730489175056,Cov2Man,TwoMan,2,2,-0.012397569253191021,-0.003279280189680822,0.15753447629104622,0.023418778259555184,0.004528729348121763,-0.03519967687260983,-0.056712495787746064
0,"DIG,OUT",0.6806515848051964,0.7158963829994212,0.6982739839023088,Cov2Man,TwoMan,2,2,0.008793768631554233,-0.02657865823928285,0.1409362393728011,0.025054786124547368,-0.0005034364900567967,-0.030053399646334356,-0.07481314277536255
0,"DRAG,HITCH",0.6730649098179132,0.7003841038230492,0.6867245068204813,Cov2Man,TwoMan,2,2,-0.024925539876000657,-0.0001915908621520357,0.177093748574498,0.026525896489650203,0.0020379569246834484,-0.035701235939261666,-0.05288930543326231
0,"OUT,OUT",0.6824576935483457,0.6824576935483457,0.6824576935483457,Cov2Man,TwoMan,2,2,-0.010050020673494697,-0.006407092357561317,0.1363313103969963,0.029514823905894882,-0.0005018098250456626,-0.04294127646208157,-0.056875435949899744
0,"HITCH,HITCH",0.6815731109056253,0.6815731109056253,0.6815731109056253,Cov2Man,TwoMan,2,2,-0.014994647117562598,-0.00017233318271370202,0.13925771777575535,0.03117051826208772,0.004521870414574192,-0.027116196945359716,-0.03570279081081629
0,"DRAG,SLANT",0.6466751523194885,0.6789541447215429,0.6628146485205157,Cov2Man,TwoMan,3,1,-0.034061360362047655,0.0005423341714286822,0.1806995276275225,0.026871098623100664,-0.0027284733950727613,-0.019104297719750196,-0.06365439967860875
0,"DIG,SLANT",0.6289102655066213,0.6565909123006878,0.6427505889036546,Cov2Man,TwoMan,3,1,-0.025791288556032743,0.0005594544681624125,0.1811725440670422,0.019004968753780882,-0.0017762100088676291,-0.05122523232225984,-0.0724207458498044
0,"DIG,DRAG",0.6351972038135337,0.6434322481547478,0.6393147259841407,Cov2Man,TwoMan,3,1,0.00037746635526980654,0.0005906599543362701,0.21014342471181946,0.027260590569749277,-0.0027235340826164967,-0.039878484154087346,-0.06349389801011884
0,"DRAG,DRAG",0.6375809843533594,0.6375809843533594,0.6375809843533594,Cov2Man,TwoMan,3,1,-0.012141423768006754,0.000584268496384821,0.2009093071234631,0.032885183544295704,-0.0007781136043132353,-0.014553240249383315,-0.06648450211729484
0,"DIG,DIG",0.6375795887874395,0.6375795887874395,0.6375795887874395,Cov2Man,TwoMan,3,1,0.007930175001129025,0.0016430496223291957,0.15381686574305364,0.02203945814842656,-0.0016830206089915034,-0.05792676728640167,-0.0646319109661263
0,"DIG,OUT",0.614981233810422,0.6590553234605654,0.6370182786354937,Cov2Man,TwoMan,3,1,0.0049766006096430004,0.0026410173330631004,0.14458817640996946,0.0248050776581481,-0.0016917861923473332,-0.0413060450865399,-0.09427939098611515
0,"DRAG,HITCH",0.6238188546970737,0.63023586428778,0.6270273594924268,Cov2Man,TwoMan,3,1,-0.026756304708713485,0.0005353252829706223,0.20529552722414135,0.02672863425273264,-0.0005333021622866418,-0.043324902226138495,-0.06868999556344835
0,"DRAG,OUT",0.6081228019430356,0.6447224797503263,0.6264226408466809,Cov2Man,TwoMan,3,1,-0.004678042285979567,0.001625830306829723,0.19358803614145792,0.029345213954844795,-0.002726595643953167,-0.02301277960574133,-0.059354581168671094
0,"HITCH,OUT",0.5891601780140723,0.6625497982392098,0.6258549881266411,Cov2Man,TwoMan,3,1,-0.014160395308251306,0.0015595760998385888,0.17053741836883463,0.0233578109260848,-0.001791030946185157,-0.044907876209634545,-0.08617590641077943
0,"SLANT,SLANT",0.6256633738816811,0.6256633738816811,0.6256633738816811,Cov2Man,TwoMan,3,1,-0.05437795007925561,0.0005740851250223278,0.16846850878406738,0.020094084051937355,-0.0017747651670515507,-0.04476902993618259,-0.05518911860900977
0,"CORNER,DEEPCROSS",0.6228162671466109,0.7150862278061577,0.6689512474763843,Cov3,TwoMan,1,3,0.0007916430363794635,-0.0014603428963763099,0.034735283628862024,-0.12741050491150696,-0.005371085296116296,-0.013573566563054085,0.05181368678779996
0,"DEEPCROSS,HITCH",0.8160178936178669,0.4939652592871845,0.6549915764525257,Cov3,TwoMan,1,3,0.015908954066581216,-0.010759823493028953,0.0654479034414216,-0.10017941684584353,0.00857815652397298,0.01642474130780447,0.030370298026696885
0,"DEEPCROSS,DIG",0.7442482335528448,0.5552647129963441,0.6497564732745944,Cov3,TwoMan,1,3,0.02990229607284378,-0.010893698841807575,0.07368762202465429,-0.11406637878367987,0.005984627167779921,0.014774754001172008,0.040544303309163476
0,"DEEPCROSS,GO",0.8201920979581678,0.46088953409581446,0.6405408160269912,Cov3,TwoMan,1,3,0.0103014715333829,-0.005179521750956484,0.021744232148169673,-0.09672282021455891,0.002321908885215107,0.015779409529479538,0.040249097644419196
0,"BENEATH,DEEPCROSS",0.3961107548229538,0.8133783473607107,0.6047445510918322,Cov3,TwoMan,1,3,0.008453710357118283,-0.0022462921274027936,0.03526734432127587,-0.12150965933317825,0.0031170728462939223,0.011029757813328711,0.05668862655618456
0,"SLANT,SLANT",0.6044208645115157,0.6044208645115157,0.6044208645115157,Cov3,TwoMan,1,3,0.004204855009609654,-0.0061028553669298935,0.07625572782102885,-0.1285774859255171,0.0005875352144129042,0.0117078550386015,0.07082632223919072
0,"DEEPCROSS,OUT",0.7781390571393821,0.428346746517159,0.6032429018282706,Cov3,TwoMan,1,3,0.02057613822571036,-0.001020380991813452,0.06689639882762599,-0.1045881294226324,0.003917577326752131,0.01583352107260505,0.045858581416079014
0,"DEEPCROSS,POST",0.7599687459629578,0.4281690066847277,0.5940688763238428,Cov3,TwoMan,1,3,0.005478928626446056,-0.001890369382763879,0.03466799131462728,-0.13431524620780122,0.0007760665782540199,0.004066561036686789,0.04039939219238331
0,"DEEPCROSS,WHIP",0.7701814667734281,0.4047999334827277,0.5874907001280779,Cov3,TwoMan,1,3,0.005159209326305092,-0.0011160159619647558,0.02497325788154603,-0.11880178747133652,0.003700379890301697,-0.00485127813435049,0.0618177843669141
0,"DEEPCROSS,FLAT",0.8211122440240162,0.34937883727425034,0.5852455406491333,Cov3,TwoMan,1,3,-0.004554214314735128,-0.005377763838617655,0.04099352210267637,-0.09651982452107466,0.004682561553050357,0.016354104242860212,0.042688204039970534
0,"DEEPCROSS,HITCH",0.711227297186411,0.6469265553704178,0.6790769262784144,Cov3,TwoMan,2,2,0.09815747067606817,-0.015263043986252334,0.07648261058588512,-0.08572344784559927,0.005775541088218539,-0.005916235999680941,0.018219058177608494
0,"HITCH,HITCH",0.6749672853130282,0.6749672853130282,0.6749672853130282,Cov3,TwoMan,2,2,0.11742218428064966,-0.0202368186175077,0.08784982067939284,-0.05097574990188258,0.04168606227581495,-0.0003594658796576278,-0.00938541301381468
0,"HITCH,SLANT",0.6929888282939287,0.6494131559916183,0.6712009921427735,Cov3,TwoMan,2,2,0.09908068496002409,-0.016269059569177013,0.05954014759311532,-0.040554413624636854,0.0022371084399773755,-0.01303813988044622,0.028410175895326906
0,"HITCH,OUT",0.6709310849365223,0.6325570237816381,0.6517440543590802,Cov3,TwoMan,2,2,0.13050168247058647,-0.011609407558740181,0.07380543153643293,-0.06682373730677593,0.032389561379748355,0.001349155202940433,0.013651583957780766
0,"SLANT,SLANT",0.6501442059496872,0.6501442059496872,0.6501442059496872,Cov3,TwoMan,2,2,0.05546547397449808,-0.012018326388496758,0.0639933739096894,-0.04625211653190453,-0.00501891329164339,-0.02739793121143752,0.056135124083402266
0,"DIG,HITCH",0.6502916226558291,0.6396081498590876,0.6449498862574583,Cov3,TwoMan,2,2,0.09345424269174485,-0.022043559023074533,0.08076810975188464,-0.04470508135845619,0.009668115225847873,-0.017351275423349244,-0.0020671994764401846
0,"DEEPCROSS,OUT",0.7024494569410398,0.5850437714857285,0.6437466142133841,Cov3,TwoMan,2,2,0.10800503390979799,-0.007978161581650323,0.07549793977843944,-0.09931507593366762,-0.0037721245328290465,-0.017653263469771474,0.028516112070292365
0,"DIG,SLANT",0.6562036077416974,0.6200414566794136,0.6381225322105555,Cov3,TwoMan,2,2,0.0635377742492732,-0.017852510393726928,0.05646453178796018,-0.05300022026636375,0.004588285335925146,-0.04494512158739272,0.031032849563283005
0,"DEEPCROSS,DIG",0.6587939502848373,0.6170178669064684,0.6379059085956529,Cov3,TwoMan,2,2,0.08499235530638793,-0.016903797925136077,0.07766231001452684,-0.09222972679580865,-0.0006152038228645074,-0.020242091755652836,0.022821015841884562
0,"OUT,OUT",0.6138761014588677,0.6138761014588677,0.6138761014588677,Cov3,TwoMan,2,2,0.10328668517540773,-0.003074953323084717,0.08475183015642762,-0.07138722381569962,-0.0028568297567599377,-0.027201441404574034,0.03843163294761276
0,"HITCH,HITCH",0.7264924265932917,0.7264924265932917,0.7264924265932917,Cov3,TwoMan,3,1,0.15165830096590538,-0.016868850898059784,0.03791668750231603,-0.056681771239454726,0.034049274893746095,0.019591546914353386,-0.09269474230826591
0,"HITCH,OUT",0.7300762076994792,0.7105093808793611,0.7202927942894202,Cov3,TwoMan,3,1,0.1428929023468034,-0.008568567725957044,0.02775283368756809,-0.07148549859001263,0.030812854364724584,0.019179325142539283,-0.07263605460113509
0,"FLAT,HITCH",0.6488112092487294,0.7705331750819494,0.7096721921653394,Cov3,TwoMan,3,1,0.08917700003123852,-0.010491200125515854,0.03433610535515319,-0.035214482294109395,0.03085866903997858,0.022759697466679718,-0.06982677909518786
0,"OUT,OUT",0.6913345883421087,0.6913345883421087,0.6913345883421087,Cov3,TwoMan,3,1,0.11376076915036204,2.6500022848763294e-05,0.039240002704158616,-0.08124588289495249,0.018433523946708164,0.0018662500254904568,-0.05620045155625242
0,"FLAT,OUT",0.61935578822409,0.7521478642632664,0.6857518262436781,Cov3,TwoMan,3,1,0.06343587011781648,-0.0020384849916041947,0.029019409100869864,-0.0491658445898151,0.028004410794699175,0.020344785102836438,-0.05959303074210143
0,"DEEPCROSS,HITCH",0.6332207870031645,0.7173999122487884,0.6753103496259765,Cov3,TwoMan,3,1,0.14642310985761597,-0.018475230150840738,0.04134040982648712,-0.021621143612293614,0.017507104854020072,0.014837367715631933,-0.0735034177932753
0,"HITCH,SLANT",0.7487068877942646,0.5966174519382733,0.6726621698662689,Cov3,TwoMan,3,1,0.1504160557547788,-0.019124503420605454,0.035456337443404484,-0.0011150490403809554,0.010182354232672997,0.01062628990595782,-0.0711743128976875
0,"DIG,HITCH",0.634349167680272,0.7072834877552778,0.670816327717775,Cov3,TwoMan,3,1,0.1315698063864813,-0.019707836448377924,0.03347108134419219,-0.036479498928518095,0.01613380909937201,0.005718457812817768,-0.0961135263321583
0,"FLAT,FLAT",0.669631582915003,0.669631582915003,0.669631582915003,Cov3,TwoMan,3,1,0.013205581035412806,-0.005561207959315029,0.019122163141381043,-0.04362524505878829,0.017470056898993058,0.023815107103658417,-0.0459746691463061
0,"HITCH,OVERBALL",0.7571759445395005,0.5697278689493401,0.6634519067444203,Cov3,TwoMan,3,1,0.08485816637472343,-0.007210633770131314,0.012048646451988554,-0.021520267218037237,0.020780978329393296,0.01645309490700808,-0.06254197879653178
0,"DEEPCROSS,DIG",0.7010062686727894,0.6125098541330147,0.656758061402902,Cov4,TwoMan,1,3,-0.04769823050756383,0.04222182060692958,-0.028892308969889813,-0.13704007241165883,0.00513828367162994,-0.06765738429965673,0.0016560746407171534
0,"CORNER,DIG",0.6194984202294174,0.5904744930725274,0.6049864566509724,Cov4,TwoMan,1,3,-0.05842282030330015,0.05011680820963216,-0.03821130154403707,-0.11807295831609643,0.010284652522169258,-0.06021374087278941,0.006876712431475807
0,"DEEPCROSS,GO",0.7056867104515137,0.4898303845659,0.5977585475087068,Cov4,TwoMan,1,3,-0.040605184456002696,0.043324514319419416,-0.01872792605832374,-0.10010976347446543,0.007978776995369863,-0.0475352647460523,-0.0062368944636493895
0,"CORNER,DEEPCROSS",0.5739874789412187,0.6183756561550903,0.5961815675481545,Cov4,TwoMan,1,3,-0.08682980064978096,0.03444621337896947,-0.03848829883831528,-0.11787730508385197,0.003165547157990889,-0.08613301630593051,-0.0037111983396321824
0,"DIG,OVERBALL",0.570749838328448,0.6133572804634857,0.5920535593959668,Cov4,TwoMan,1,3,-0.04915118786477535,0.03587005760348516,-0.023397250836942995,-0.12581311496407144,0.009271045322471694,-0.06965169478936473,-0.010049495351753701
0,"DEEPCROSS,WHIP",0.6630181045352341,0.5136783610958834,0.5883482328155587,Cov4,TwoMan,1,3,-0.06558402982595479,0.05983801784241083,-0.02021950318670529,-0.07359912767102872,0.0032645930964837477,-0.05829349410902951,-0.022111920152204534
0,"DEEPCROSS,OUT",0.6332107278139303,0.5429454700544573,0.5880780989341938,Cov4,TwoMan,1,3,-0.05393926031431395,0.030915164938774442,-0.0340479853157728,-0.10788502404442202,0.005281870386604104,-0.06764069170201181,-0.004724497842270359
0,"GO,SLANT",0.5021775178785501,0.6664482612093819,0.584312889543966,Cov4,TwoMan,1,3,-0.020935048502494613,0.06711484839728954,-0.030828380174306003,-0.09716087440407473,0.01589996718149822,-0.04276023652161631,-0.0020059704874739737
0,"DEEPCROSS,HITCH",0.624505199651974,0.5378776002269967,0.5811913999394853,Cov4,TwoMan,1,3,-0.044876904445456445,0.024969764610077494,-0.036135011827682084,-0.09806635742616587,0.011521779727645454,-0.06349503495510611,-0.014028785092198737
0,"DEEPCROSS,POST",0.6267989731402485,0.5280505413044256,0.577424757222337,Cov4,TwoMan,1,3,-0.06850254895320274,0.04522777220046459,-0.02100789838947459,-0.09884571791925079,0.007126345743314277,-0.06752371621349373,-0.01195085960583131
0,"GO,HITCH",0.5688260756053252,0.7107759680521282,0.6398010218287267,Cov4,TwoMan,2,2,0.04982090660279337,-0.03932024369835896,-0.0016852211302635922,0.1775357823758278,0.01622262744266778,0.04410595054647404,-0.02427143684120603
0,"FLAT,FLAT",0.6314997044473141,0.6314997044473141,0.6314997044473141,Cov4,TwoMan,2,2,-0.018020495580753026,0.04105056532868345,-0.04103562754682266,-0.039028901234681945,0.03130746843198451,0.04584610721303539,-0.03235729818598654
0,"GO,GO",0.6191399327761179,0.6191399327761179,0.6191399327761179,Cov4,TwoMan,2,2,0.06992539466684689,-0.054076213741354406,-0.03297277811464028,0.15447302638141158,0.012418566953937393,0.05221449451083371,-0.031187717093581924
0,"DRAG,FLAT",0.5672006221359298,0.6588233582170466,0.6130119901764882,Cov4,TwoMan,2,2,0.002183097057177674,-0.006426220099566393,-0.03983670849852394,0.0418288353442976,0.033790140192254015,0.04416203602688118,-0.048403211775294164
0,"DIG,OUT",0.5749183938776177,0.649800652649249,0.6123595232634333,Cov4,TwoMan,2,2,0.04906435421394484,-0.030257347054007178,-0.02606077305148835,0.12614784528775314,0.011735517371536774,-0.00940234725222655,-0.024263622426212494
0,"FLAT,GO",0.6298377851466265,0.5920855711280729,0.6109616781373497,Cov4,TwoMan,2,2,0.02116764869546839,-0.006488218027337234,-0.04005935152465112,0.03365717782737865,0.021299259408046445,0.054031488693006,-0.021845962562588417
0,"DIG,HITCH",0.57749373778663,0.634266654503662,0.6058801961451461,Cov4,TwoMan,2,2,0.04536596800157633,-0.03521492895931366,-0.035996254784410486,0.1379023238393554,0.004836397725233921,0.010069640101217137,-0.022685205140485
0,"HITCH,HITCH",0.603616593306336,0.603616593306336,0.603616593306336,Cov4,TwoMan,2,2,0.03165347334166946,-0.015188428535818366,-0.03512278046674999,0.1421608195163011,0.0004608649733118808,0.019453244545986292,-0.03262544953412372
0,"DIG,FLAT",0.6416552640541606,0.5642009521802824,0.6029281081172215,Cov4,TwoMan,2,2,0.01856536622354632,-0.006343870801425178,-0.039885039148764845,0.04911484736331051,0.02512129205413327,0.020427527912386112,-0.029099048432893126
0,"FLAT,OUT",0.5103729180749226,0.673782607803177,0.5920777629390498,Cov4,TwoMan,2,2,0.014121881096400779,0.02024407368530945,-0.02809663677859975,0.03431050700882399,0.02346005387657768,0.012473990894848797,-0.02945256395837681
0,"DRAG,FLAT",0.5500945027458616,0.6532619772983129,0.6016782400220873,Cov4,TwoMan,3,1,-0.0022625286331998673,0.026550561240261006,-0.01862270815590239,0.017725287974118986,0.030876014034090238,0.02604137554583974,-0.02217151364183967
0,"GO,HITCH",0.535103353594976,0.6137313101817328,0.5744173318883543,Cov4,TwoMan,3,1,0.06055745929481837,0.0003580310668296338,0.0433015062147899,0.13136489424439524,0.014954113417953385,0.03621952427760955,-0.00822059163588662
0,"DIG,FLAT",0.5820431528941615,0.5434345102415945,0.5627388315678781,Cov4,TwoMan,3,1,0.01065859133506708,0.0087425374698199,-0.016179717304259822,0.027482122245035212,0.023072818607858148,0.012602870705564206,-0.0032580244885335174
0,"FLAT,OUT",0.5180140081913263,0.6062094032965707,0.5621117057439484,Cov4,TwoMan,3,1,0.016470979038038625,0.024865707999890296,-0.009241838674878933,0.013798751159656342,0.021556226469934603,0.01378487952159313,-0.0037541295498476623
0,"FLAT,GO",0.602361186075072,0.5110643563486537,0.5567127712118629,Cov4,TwoMan,3,1,0.02319553847251521,0.02924069864109613,-0.024109823194308988,0.036393334802153676,0.019480460401614774,0.03522867101814808,0.010287277760203106
0,"FLAT,FLAT",0.5442180798850244,0.5442180798850244,0.5442180798850244,Cov4,TwoMan,3,1,-0.015351519445455541,0.04157892587864709,-0.035787289020869806,-0.05202268749626171,0.02868083981365055,0.03396902275306235,-0.006268984337662875
0,"FLAT,SLANT",0.5700257903086845,0.5166188576031812,0.5433223239559328,Cov4,TwoMan,3,1,0.008344097777092774,0.00902041297282441,-0.011932879891014547,0.04358784826338491,0.016190723732631085,0.00023154953451420823,-0.011710909883217546
0,"HITCH,SLANT",0.5727740625377908,0.4986755469677587,0.5357248047527747,Cov4,TwoMan,3,1,0.042611055626488814,-0.007842190390266901,-0.006308322435360059,0.10108242032088283,0.00586235728142015,0.0003941541035473728,-0.0008427441098544097
0,"DIG,OUT",0.5006946367795061,0.5537674621362303,0.5272310494578683,Cov4,TwoMan,3,1,0.058332661545154874,-0.010544078677972135,0.0015768664077956407,0.09720533005457488,0.01087618250461131,-5.2288571600334066e-05,0.0009850734630310054
0,"CORNER,FLAT",0.4801911283736056,0.562586509608621,0.5213888189911133,Cov4,TwoMan,3,1,0.00052140237480236,0.007828736615422494,-0.012956549050174737,0.04814157522193607,0.02002540345530257,0.030678302930617463,0.010577577427437257
